source_id,priority_tier,name,direct_url,organization_or_author,source_category,genre,major_topics,register,estimated_cefr,german_variety,modality,format,approximate_usable_material,access_class,transcript_or_download_availability,rights_and_access_notes,linguistic_coverage_added,main_risk_or_limitation,recommended_acquisition_scope,command_or_download_hint,verified_on
lcc_news_de_1m,1,Leipzig Corpora Collection – German News,https://wortschatz.uni-leipzig.de/en/download/German,"Leipzig University, Wortschatz",general corpus,news corpus,politics; business; local and international news; sports; culture,edited neutral journalistic,B1–C1,DE-dominant Standard German,written,sentence text + token/frequency files in compressed archives,Selectable 10K–1M sentence packages per release,bulk_open,Direct archive links from the German download page,Research corpus; retain source metadata and review the licence/readme bundled with each archive,"Dense contemporary syntax, named entities, reporting verbs, temporal framing, indirect attribution","Automatically collected; duplicates, boilerplate and occasional bad segmentation",Download one recent 1M News package; cap older releases at 250K each,python tools/acquire.py fetch lcc_news_de_1m,2026-08-05
lcc_web_de_1m,1,Leipzig Corpora Collection – German Web,https://wortschatz.uni-leipzig.de/en/download/German,"Leipzig University, Wortschatz",general corpus,mixed web prose,consumer information; organizations; hobbies; services; technology; practical prose,mixed neutral/informal/formal,A2–C1,DE-dominant Standard German,written,sentence text + metadata/frequency files,Selectable up to 1M sentences per package,bulk_open,Direct archive links from the German download page,Review archive licence/readme; use internally as reference corpus,Broad lexical and constructional variety beyond news,"Web noise, SEO, fragments, duplicated templates",Download one recent 1M Web package; aggressively filter boilerplate and low-quality domains,python tools/acquire.py fetch lcc_web_de_1m,2026-08-05
lcc_wikipedia_de_1m,1,Leipzig Corpora Collection – German Wikipedia,https://wortschatz.uni-leipzig.de/en/download/German,"Leipzig University, Wortschatz",general corpus,encyclopedic prose,science; history; geography; culture; people; institutions,neutral expository,B1–C1,Standard German,written,sentence text + metadata/frequency files,Selectable up to 1M sentences,bulk_open,Direct archive links from the German download page,Derived from Wikimedia; preserve attribution/licence metadata,"Definitions, apposition, taxonomic language, cause/effect, descriptions",Topic skew and encyclopedic style; fewer interactions,Download 1M package for easy processing even if full dewiki is also acquired,python tools/acquire.py fetch lcc_wikipedia_de_1m,2026-08-05
dewiki_dump,1,German Wikipedia full dump,https://dumps.wikimedia.org/dewiki/latest/,Wikimedia Foundation / German Wikipedia contributors,encyclopedic corpus,encyclopedia articles,science; society; culture; geography; biographies; technical topics,neutral formal expository,B1–C1,Standard German with some DACH coverage,written,MediaWiki XML bz2; optional multistream index,Multi-million-sentence corpus; exact count depends on current dump and extraction,bulk_open,Direct current dump files,CC BY-SA/GFDL; preserve attribution and dump metadata,"Long-form context, terminology, definitions, relative clauses, nominal style","Markup, lists, citations, formulae, uneven article quality",Acquire pages-articles multistream dump; sample by topic and article quality rather than ingesting all sentences equally,python tools/acquire.py fetch dewiki_dump,2026-08-05
dewikivoyage_dump,1,German Wikivoyage dump,https://dumps.wikimedia.org/dewikivoyage/latest/,Wikimedia Foundation / Wikivoyage contributors,practical travel corpus,travel guide,transport; accommodation; restaurants; directions; tourism; safety; local customs,"neutral practical, occasional informal advice",A2–B2,Standard German; DACH and worldwide destinations,written,MediaWiki XML bz2,Tens of thousands of destination/guide sections,bulk_open,Direct current dump files,CC BY-SA; preserve attribution,"Imperatives, recommendations, directional language, prices, opening hours, travel problems",Template/list-heavy; stale details; proper-name density,"Acquire full pages-articles dump, then retain prose paragraphs and practical notices",python tools/acquire.py fetch dewikivoyage_dump,2026-08-05
dewikibooks_dump,2,German Wikibooks dump,https://dumps.wikimedia.org/dewikibooks/latest/,Wikimedia Foundation / Wikibooks contributors,educational corpus,open textbooks and manuals,languages; computing; science; crafts; study skills,instructional to academic,A2–C1,Standard German,written,MediaWiki XML bz2,Large collection of book chapters; post-filter size varies,bulk_open,Direct current dump files,CC BY-SA/GFDL; preserve attribution,"Explanations, procedures, examples, definitions, didactic sequencing",Quality and completion vary; markup and exercises,Acquire full dump; select mature books and prose-rich chapters,python tools/acquire.py fetch dewikibooks_dump,2026-08-05
dewikinews_dump,3,German Wikinews dump,https://dumps.wikimedia.org/dewikinews/latest/,Wikimedia Foundation / German Wikinews contributors,news archive,citizen-edited news,politics; local affairs; international events; culture; sports,neutral journalistic,B1–C1,Standard German,written,MediaWiki XML bz2,About fourteen thousand articles in the project archive,bulk_open,Direct dump files,CC BY; preserve attribution,"Short news reports, chronology and event narration",Small and less current than major news corpora; variable editing,"Acquire once as a bounded historical supplement, not a primary current-news source",python tools/acquire.py fetch dewikinews_dump,2026-08-05
bundestag_open_data,1,German Bundestag Open Data – plenary protocols,https://www.bundestag.de/services/opendata,German Bundestag,official/political corpus,parliamentary debate and documents,laws; budgets; policy; government; society; foreign affairs,"formal spoken-to-written, argumentative",B2–C1,Germany Standard German,spoken transcript + written documents,XML and JSON; term-organized downloads,All plenary protocols and printed papers from the first legislative term onward,bulk_open,Official machine-readable downloads,"Official open-data terms; retain document IDs, date, speaker and term","Argumentation, rebuttal, reported positions, Konjunktiv, formal address, interjections, long syntax",Political/topic skew; formulaic procedure; historical language in older terms,Download 19th–21st terms first; preserve speaker turns and stage directions,python tools/acquire.py fetch bundestag_open_data,2026-08-05
germaparl,3,GermaParl v2.3,https://zenodo.org/records/15495748,Political Data Science / corpus maintainers,annotated political corpus,Bundestag plenary protocols,policy; legislation; parliamentary discourse,formal spoken-to-written,B2–C1,Germany Standard German,annotated transcript,XML and CWB archives,About 2.6 GB for the CWB archive in the current release,restricted_request,Zenodo access request; downloadable after approval,Access-controlled; follow record conditions and do not redistribute if prohibited,"Linguistic annotation, speaker metadata, parliamentary discourse analysis",Approval friction; overlaps raw Bundestag data,Request after raw Bundestag acquisition if annotations will materially improve retrieval,manual: request access on Zenodo,2026-08-05
gesetze_im_internet,1,Gesetze im Internet,https://www.gesetze-im-internet.de/,Federal Ministry of Justice / Federal Office of Justice,legal/official corpus,federal statutes and regulations,civil; criminal; employment; tax; administration; transport; health,highly formal legal,C1,Germany legal Standard German,written,"HTML, PDF, EPUB and XML; complete-law ZIPs",Hundreds of current federal laws and regulations,bulk_open,Per-law downloads and XML ZIP files,Official legal texts; preserve version/date; public availability does not automatically settle every downstream reuse question,"Case government, legal modality, definitions, conditions, exceptions, nominalizations",Very specialized and syntactically dense; not representative everyday prose,"Acquire a balanced set of 50–100 high-impact laws plus XML metadata, not the entire legal universe initially",python tools/acquire.py fetch gesetze_im_internet,2026-08-05
austria_parliament,2,Austrian Parliament Open Data and stenographic protocols,https://www.parlament.gv.at/services/opendata/,Austrian Parliament,regional official/political corpus,parliamentary debate,Austrian policy; administration; economy; society,formal spoken-to-written,B2–C1,AT Standard German,spoken transcript + official written,open-data feeds/pages; stenographic full text,Full text available for many legislative periods; large archive,downloadable_manual,Official open-data and protocol pages,Use official terms; label AT and preserve date/speaker,"Austrian administrative vocabulary, discourse markers and regional standard usage",Political skew; some access endpoints require custom harvesting,Sample recent Nationalrat debates to reach 3–4% of total corpus,manual/API: inspect official open-data endpoints,2026-08-05
swiss_official_bulletin,2,Swiss Parliament Official Bulletin,https://www.parlament.ch/en/ratsbetrieb/official-bulletin,Swiss Federal Assembly,regional official/political corpus,verbatim parliamentary debate,Swiss policy; federalism; multilingual governance; law,formal spoken-to-written,B2–C1,CH Standard German; some Swiss-specific vocabulary,spoken transcript + video,web transcripts and video,Large multi-year archive,downloadable_manual,Official searchable transcripts; downloads vary by interface,Use official terms; label CH and preserve chamber/language/date,"Swiss Standard German vocabulary, formal debate, interruptions and spoken syntax",Multilingual proceedings; extraction needs language filtering,Sample recent German-language debates to 2–3% of corpus,manual: export/search official bulletin,2026-08-05
swiss_parliaments_corpus,3,Swiss Parliaments Corpus,https://www.swisstext.org/swiss-parliaments-corpus/,SwissText / research consortium,regional speech corpus,parliamentary speech,cantonal and national politics,formal and semi-formal spoken,B2–C1,Swiss German speech aligned with Standard German text,audio-aligned transcript,research dataset,About 293 hours of speech in the published corpus,bulk_or_request,Freely downloadable research corpus per project documentation,Check dataset licence and attribution before redistribution,"Speech-to-standard correspondences, Swiss discourse and pronunciation context",Dialect-heavy audio; not pure Germany Standard German,Acquire as a labeled CH supplement only,manual: follow project download instructions,2026-08-05
common_voice_de_scripted,1,Mozilla Common Voice German Scripted Speech,https://commonvoice.mozilla.org/en/datasets,Mozilla Foundation / contributors,speech corpus,read prompts with validated audio,broad short utterances; names; factual and practical statements,neutral read speech,A1–B2,DACH-mixed German; metadata permits filtering,audio + sentence text,TSV metadata + MP3 clips in tar archives,"Large current release; tens of GB of audio, with validated_sentences.tsv",bulk_open,Direct dataset download after selecting German/version,Mozilla dataset terms and per-release licence; retain speaker and validation metadata,"Short well-formed sentences, pronunciation, orthography and spoken reference",Read speech rather than spontaneous dialogue; duplicates and odd prompts,Download sentence metadata first; audio only for a quality-controlled subset or TTS validation,manual download; tools/acquire.py records destination,2026-08-05
opensubtitles_opus,3,OPUS OpenSubtitles German,https://opus.nlpl.eu/OpenSubtitles/corpus/version/OpenSubtitles,OPUS / subtitle contributors,dialogue corpus,film and television subtitles,relationships; conflict; humor; daily interaction; crime; work; emotion,"informal spoken-like, genre-dependent",A1–C1,mixed translated/dubbed German; not reliably DE-native,subtitle dialogue,TMX/Moses/monolingual text via OPUS tools,Very large—millions of subtitle lines,bulk_open,Downloadable through OPUS/OpusTools,Corpus-specific licensing/attribution; many texts are copyrighted derivatives—use as internal research/reference only,"Conversational ellipsis, discourse particles, emotional language, questions and commands","Translationese, fragments, timing splits, profanity, fictional skew, duplicates",Cap at 100K–300K high-quality complete sentences after deduplication and language-quality scoring,opus_read -d OpenSubtitles -s de -t en -wm moses -w raw.de raw.en,2026-08-05
europarl_opus,2,OPUS Europarl German,https://opus.nlpl.eu/Europarl/corpus/version/Europarl,European Parliament / OPUS,institutional parallel corpus,parliamentary speeches,EU policy; economics; law; environment; international affairs,formal spoken-to-written,B2–C1,"EU German, largely Standard",spoken transcript / translated parallel text,TMX/Moses via OPUS,Millions of aligned sentence pairs across languages,bulk_open,OpusTools/direct packages,Check Europarl/OPUS terms and cite corpus,"Formal arguments, procedural language, polite disagreement, complex clauses",Translationese and institutional repetition,Acquire German side; sample 100K–250K after deduplication,opus_read -d Europarl -s de -t en -wm moses -w raw.de raw.en,2026-08-05
dgt_opus,2,OPUS DGT Translation Memory,https://opus.nlpl.eu/DGT/corpus/version/DGT,European Commission DGT / OPUS,legal/administrative parallel corpus,EU legislation and administrative translation,regulation; policy; institutions; procedures,formal legal-administrative,C1,EU German Standard,written translated text,TMX/Moses via OPUS,Very large aligned translation memory,bulk_open,OpusTools/direct packages,European Commission reuse terms plus OPUS metadata,"Terminology consistency, legal collocations, modality, conditions",Strong translationese and formulaicity,Sample narrowly by document and lexical need; do not let it dominate,opus_read -d DGT -s de -t en -wm moses -w raw.de raw.en,2026-08-05
jrc_acquis_opus,3,OPUS JRC-Acquis German,https://opus.nlpl.eu/JRC-Acquis/corpus/version/JRC-Acquis,European Commission Joint Research Centre / OPUS,legal parallel corpus,EU acquis,law; regulation; institutions,formal legal,C1,EU German Standard,written translated text,TMX/Moses via OPUS,Large aligned legal collection,bulk_open,OpusTools/direct packages,Follow JRC/OPUS terms,Legal phraseology and long conditional constructions,Older and highly formulaic; overlaps DGT,Use only to fill legal collocation gaps not covered by current German statutes,opus_read -d JRC-Acquis -s de -t en -wm moses -w raw.de raw.en,2026-08-05
emea_opus,2,OPUS EMEA German,https://opus.nlpl.eu/EMEA/corpus/version/EMEA,European Medicines Agency source documents / OPUS,medical-regulatory parallel corpus,medication; indications; contraindications; dosage; adverse effects,formal technical/regulatory,B2–C1,EU German Standard,written translated text,TMX/Moses via OPUS,Hundreds of thousands of aligned segments depending version,bulk_open,OpusTools/direct packages,Check source-document and OPUS terms,"Medical collocations, warnings, passive voice, dosage and risk language",Translationese and repetitive templates,Acquire and retain 20K–50K diverse complete sentences,opus_read -d EMEA -s de -t en -wm moses -w raw.de raw.en,,2026-08-05
ted2020_opus,2,OPUS TED2020 German,https://opus.nlpl.eu/TED2020/corpus/version/TED2020,TED / OPUS,talk transcript corpus,science; society; personal stories; technology; ideas,"semi-formal spoken, narrative/explanatory",B1–C1,international German translation/subtitles,spoken transcript / subtitles,TMX/Moses via OPUS,Large multi-topic aligned transcript corpus,bulk_open,OpusTools/direct packages,TED/OPUS reuse conditions; internal reference recommended,"Storytelling, explanations, rhetorical questions, examples, audience address",Mostly translated subtitles and segmentation artifacts,Acquire 50K–100K high-confidence complete sentences,opus_read -d TED2020 -s de -t en -wm moses -w raw.de raw.en,,2026-08-05
qed_opus,3,OPUS QED German,https://opus.nlpl.eu/QED/corpus/version/QED,Educational video contributors / OPUS,educational transcript corpus,tutorials; lectures; explanations; practical skills,instructional spoken,B1–C1,translated Standard German,spoken transcript / subtitles,TMX/Moses via OPUS,Large multi-domain educational collection,bulk_open,OpusTools/direct packages,Corpus-specific terms; internal reference recommended,"Procedures, causal explanation, definitions, demonstrations","Translationese, subtitle fragments, uneven quality",Use a 25K–50K filtered sample for instructional language,opus_read -d QED -s de -t en -wm moses -w raw.de raw.en,,2026-08-05
gnome_opus,2,OPUS GNOME localization corpus,https://opus.nlpl.eu/GNOME/corpus/version/GNOME,GNOME localization teams / OPUS,software localization corpus,desktop software; settings; errors; actions; accessibility,concise technical UI,A2–B2,Standard German localization,written UI strings,TMX/Moses via OPUS,Tens of thousands of localized segments,bulk_open,OpusTools/direct packages,Open-source project licences; retain project attribution,"Commands, labels, error messages, user actions, technical collocations",Fragments and placeholders; not ordinary prose,Keep only sentence-like strings and high-value UI messages,opus_read -d GNOME -s de -t en -wm moses -w raw.de raw.en,,2026-08-05
kde4_opus,2,OPUS KDE4 localization corpus,https://opus.nlpl.eu/KDE4/corpus/version/KDE4,KDE localization teams / OPUS,software localization corpus,desktop software; files; networking; settings; support,concise technical UI,A2–B2,Standard German localization,written UI strings,TMX/Moses via OPUS,Large localized-string corpus,bulk_open,OpusTools/direct packages,Open-source project licences; retain project attribution,"Technology vocabulary, imperative/help language, warnings","Fragments, variables, duplication, translationese",Keep 10K–30K sentence-like strings after placeholder filtering,opus_read -d KDE4 -s de -t en -wm moses -w raw.de raw.en,,2026-08-05
deplain,1,DEPlain,https://github.com/rstodden/DEPlain,"Regina Stodden, Omar Momen, Laura Kallmeyer",plain-language aligned corpus,professionally simplified news/web documents,news; public information; society,neutral standard and plain language paired,A2–C1,Germany Standard German,written aligned text,repository datasets/code; document and sentence alignments,"DEplain-APA: 483 document pairs, 25,607 original sentences and 13,122 manually aligned sentence pairs; additional web material",bulk_mixed,Git repository; some subcorpora available on request,Licences differ by subcorpus; follow README and source rights,"Register/complexity contrast, paraphrase, lexical and syntactic alternatives",Some data request-only; limited domains; pairs may duplicate semantics,Clone repository immediately; ingest available licensed sentence pairs with complexity labels,python tools/acquire.py fetch deplain,2026-08-05
simple_german_corpus,1,A New Aligned Simple German Corpus,https://github.com/buschmo/Simple-German-Corpus,Vanessa Toborek et al.,plain-language aligned corpus,standard/simple parallel web documents,public information; accessibility; society,neutral and controlled simple language,A2–C1,Germany Standard German,written aligned text,"Git repository with crawler, matching code and results workflow",Hundreds of aligned/comparable documents; exact current output depends on archived sources,bulk_open_code,Code/data repository; crawler uses archived websites,MIT code licence; individual crawled texts retain source rights,"CEFR/register leveling, sentence splitting, syntactic simplification contrasts",Source copyright and crawler reproducibility; simple-language conventions can be unnatural for general learners,Clone code/data; use released results and metadata before recrawling,python tools/acquire.py fetch simple_german_corpus,2026-08-05
dwie,1,DWIE – Deutsche Welle Information Extraction corpus,https://github.com/klimzaporojets/DWIE,Klim Zaporojets et al.,annotated news corpus,Deutsche Welle news articles,international news; politics; society; economy,edited journalistic,B2–C1,Germany/international Standard German,written,JSON/document-level annotations,"Moderate document corpus with rich entity, coreference, relation and linking annotations",bulk_open,GitHub and dataset mirrors,Follow repository dataset licence and citation requirements,"Coherent multi-sentence articles, entity chains, coreference, reporting structures",News and named-entity heavy; not large enough as sole news source,Clone entire corpus; preserve document boundaries and annotations,python tools/acquire.py fetch dwie,2026-08-05
potec,2,PoTeC – Potsdam Textbook Corpus,https://github.com/DiLi-Lab/PoTeC,DiLi Lab / University of Potsdam and collaborators,scientific/educational corpus,textbook excerpts,physics; biology,formal explanatory academic,B2–C1,Germany Standard German,written + reading data,text and linguistic/eye-tracking annotations; large files via OSF,12 scientific texts read by 75 participants,bulk_open,GitHub plus OSF data,Open research materials; follow repository/OSF licence,"Scientific explanation, technical noun phrases, causation and process descriptions",Tiny text volume and narrow domains,"Acquire all text; use as a high-quality scientific style anchor, not volume source",python tools/acquire.py fetch potec,2026-08-05
ggponc,3,GGPONC 2.0 – German oncology guideline corpus,https://zenodo.org/records/12518458,German Guideline Program in Oncology / research consortium,medical guideline corpus,clinical practice guidelines,oncology; diagnosis; therapy; evidence; recommendations,formal expert medical,C1,Germany medical Standard German,written annotated text,XML/annotated research corpus,One of the largest German medical guideline corpora; exact release files on Zenodo,restricted_request,Access request through Zenodo/community,Non-commercial research and no redistribution restrictions apply to some releases; each user may need individual access,"Medical terminology, evidence levels, recommendations, ellipsis in coordinated noun phrases",Access/licence constraints and highly specialized content,Request only if project use qualifies; store outside Git and record restrictions,manual: request access; never redistribute blindly,2026-08-05
plainmedscale,2,PlainMedScale,https://github.com/GS-Uni-Heidelberg/PlainMedScale,Heidelberg University researchers,multi-register medical corpus,topic-aligned medical explanations at four comprehensibility levels,diseases; symptoms; diagnosis; treatment; patient information,"expert, consumer, plain and accessible registers",A2–C1,German Standard German,written aligned/comparable text,GitHub + Zenodo,Four-level topic-aligned German/English medical corpus; released August 2026,bulk_open_or_mixed,Code and data links provided by authors,New release: verify Zenodo licence and source-text conditions before redistribution,"Exceptional register gradient, expert–lay paraphrases and patient-facing language",Very new; source mix includes texts with differing rights; needs licence review,"Acquire metadata/code now, data after licence check; label each level/source",python tools/acquire.py fetch plainmedscale,2026-08-05
textgrid,3,TextGrid Digital Library text corpus,https://textgridrep.org/,TextGrid / Göttingen State and University Library consortium,literary/historical corpus,digitized German literature and cultural texts,fiction; drama; poetry; philosophy; history,"literary, often historical",C1,historical German and older Standard varieties,written,XML/TEI and full text corpus archives,"Text corpus downloads around 390 MB; over 120,000 works/items in repository holdings",bulk_open,Whole-stock text corpus archives are downloadable,Public-domain texts; repository metadata commonly CC BY; preserve attribution,"Narrative, dialogue, description, emotion, stylistic range and literary syntax",Mostly pre-20th-century; archaic lexicon/orthography can contaminate contemporary examples,Take a small curated 1–2% modern-compatible slice; tag year and never treat as everyday usage,manual download from TextGrid repository,2026-08-05
dw_nicos_weg,1,DW Learn German – Nicos Weg,https://learngerman.dw.com/de/nicos-weg/c-36519687,Deutsche Welle,native-reviewed learner corpus,"serial drama, exercises and lesson transcripts",introductions; housing; travel; family; work; services; relationships,natural learner-oriented spoken,A1–B1,Germany Standard German,video/audio + transcript,web lessons; downloadable manuscripts/vocabulary PDFs for many units,Hundreds of lesson scenes/exercises across A1–B1,downloadable_manual,Manuscript/vocabulary PDFs available by lesson/course pages,DW usage terms; internal educational reference; do not bulk mirror without checking terms,"Natural progression, everyday dialogue, separable verbs, cases, word order, discourse particles",Learner-scripted and recurring cast/topics; not enough advanced language,Download all official manuscripts and vocabulary PDFs first; keep lesson/level metadata,manual: save official PDFs per lesson,2026-08-05
dw_top_thema,1,DW Learn German – Top-Thema mit Vokabeln,https://learngerman.dw.com/de/top-thema/s-55861562,Deutsche Welle,native-reviewed learner/news corpus,short current-affairs articles with audio/vocabulary,news; society; culture; science; economy,edited accessible journalistic,B1,Germany Standard German,written + audio,"web article, audio, manuscript/exercise/vocabulary PDFs on many entries",Multi-year archive with many hundreds of units,downloadable_manual,Individual pages and PDFs/audio,DW terms; retain title/date/level and use internally unless redistribution is permitted,"B1 news syntax, topical vocabulary, concise explanations, collocations",Topic recency and news concentration; repeated exercise templates,"Acquire 300–500 diverse units across years/topics, preserving article text and vocab notes",manual or respectful page/PDF downloader after terms review,2026-08-05
dw_video_thema,1,DW Learn German – Video-Thema,https://learngerman.dw.com/de/video-thema/s-55861568,Deutsche Welle,native-reviewed audiovisual learner corpus,short documentary/report videos with transcripts and exercises,work; society; culture; technology; environment; people,neutral spoken/reportage,B2,Germany Standard German,video/audio + transcript,"web video, manuscript and worksheet PDFs",Large multi-year archive with hundreds of units,downloadable_manual,Transcripts/manuscripts and exercises commonly downloadable,DW terms; internal reference unless explicit reuse allows more,"Spoken reportage, interviews, B2 phrasing, connected speech, explanation",Some voice-over/reportage rather than spontaneous dialogue,Acquire 200–400 topic-diverse units; preserve speaker distinctions when available,manual or respectful page/PDF downloader after terms review,2026-08-05
dw_slow_news,1,DW Langsam gesprochene Nachrichten,https://learngerman.dw.com/de/langsam-gesprochene-nachrichten/s-60040332,Deutsche Welle,news transcript/audio corpus,daily news read slowly,international politics; economics; society; conflict; science,formal broadcast news,B2–C1,Germany broadcast Standard German,audio + exact text,web text and downloadable audio,Daily archive; thousands of dated bulletins over time,downloadable_manual,Text pages and audio downloads,DW terms; preserve date and segment boundaries,"Broadcast phrasing, reported speech, passive, tense variation, pronunciation alignment",International/political skew and repeated news formulas,"Acquire a stratified 1–2 year sample, not every bulletin",manual or RSS/page collector after terms review,2026-08-05
dw_alltagsdeutsch,2,DW Alltagsdeutsch / Sprachbar,https://learngerman.dw.com/de/alltagsdeutsch/s-56744441,Deutsche Welle,advanced learner/culture corpus,audio features and language columns,idioms; culture; social life; language; institutions,"neutral to informal, stylistically rich",C1,Germany Standard German,audio + transcript,web text/audio; worksheets on many entries,Large archive of feature-length units,downloadable_manual,Individual transcript/manuscript pages,"DW terms; preserve series, date and topic","Idioms, figurative language, register, wordplay, discourse and cultural references",Advanced and feature-journalism skew,Acquire 150–300 units selected for lexical/functional diversity,manual download after terms review,2026-08-05
goethe_uebungen,1,Goethe-Institut – Deutsch üben / free practice materials,https://www.goethe.de/de/spr/ueb.html,Goethe-Institut,native-reviewed learner corpus,"interactive exercises, videos, readings and workplace/everyday modules",daily life; work; travel; culture; communication,"learner-oriented, natural neutral/informal/formal",A1–C2 (select A1–C1),Germany Standard German with DACH cultural content,mixed written/spoken,"web exercises, video/audio, some PDFs/apps",Hundreds of free resources; some paid courses contain far more,downloadable_manual,Some resources downloadable; many interactive only,Goethe terms; use as reference and only download where offered,"Controlled CEFR examples, communicative functions, grammar, pragmatic appropriateness",Interactive content may be difficult to export; learner-domain concentration,"Inventory and manually download offered PDFs/transcripts, prioritizing professional and B2–C1 materials",manual inventory; no blind site mirroring,2026-08-05
goethe_mein_weg,1,Goethe-Institut – Mein Weg nach Deutschland,https://www.goethe.de/prj/mwd/de/,Goethe-Institut,integration/practical learner corpus,"videos, texts and practical information",arrival; housing; work; offices; school; health; money; daily life,accessible practical neutral,A1–B1,Germany Standard German,mixed written/spoken,"web, video, exercises and practical text",Dozens of topic modules with recurring characters and real-life information,downloadable_manual,Web/video; selected materials may be downloadable,Goethe terms; internal reference,"Immigration/integration interactions, public offices, forms, housing and workplace pragmatics",Learner-scripted; narrower target audience,Acquire complete topic inventory and offered transcripts/materials,manual inventory,2026-08-05
vhs_lernportal_general,1,vhs-Lernportal – Deutsch A1–C1,https://www.vhs-lernportal.de/,Deutscher Volkshochschul-Verband,native-reviewed learner corpus,online courses and apps,daily life; family; shopping; housing; services; education; society,practical learner-oriented,A1–C1,Germany Standard German,mixed written/spoken,"interactive platform, apps, downloadable supplemental materials",Large course system with thousands of exercises across levels,downloadable_mixed,Free registration; apps/offline use and downloadable extras,Platform terms; do not scrape authenticated content without permission,Broad CEFR-balanced daily and civic vocabulary; structured progression,Interactive/authenticated content; exercise repetition,Download public supplemental PDFs and app/offline packages where allowed; use platform manually for gaps,manual/account-based,2026-08-05
vhs_beruf,1,vhs-Lernportal – Deutsch für den Beruf A2–C1,https://www.vhs-lernportal.de/wws/deutsch-fuer-den-beruf.php,Deutscher Volkshochschul-Verband,professional learner corpus,occupation-oriented courses,applications; meetings; schedules; customer service; safety; healthcare; trades; office communication,neutral/formal workplace with spoken interaction,A2–C1,Germany Standard German,mixed written/spoken,"interactive courses, apps and supplemental downloads",Multiple large vocational courses and thousands of exercises,downloadable_mixed,Free account; some material downloadable/offline,Platform terms; do not bulk scrape authenticated content,"Workplace emails, procedures, role-specific interactions, polite disagreement, instructions",Exercise/platform structure; not a raw corpus,Prioritize public/downloadable B2–C1 vocational supplements and manually curate authentic dialogues/emails,manual/account-based,2026-08-05
nachrichtenleicht,1,Nachrichtenleicht,https://www.nachrichtenleicht.de/,Deutschlandfunk,easy-news corpus,news in simple language with audio,politics; economy; society; culture; sports,clear edited news,A2–B1,Germany Standard German,written + audio,"web articles, RSS and downloadable audio",Large ongoing archive with multiple items weekly,downloadable_manual,"RSS, article pages and audio downloads",Deutschlandradio terms; internal reference and metadata retention,"Simple but authentic news paraphrase, short clauses, explanation of public vocabulary",Controlled simplification may overuse short sentences and explicit nouns,Acquire a topic-balanced 2–3 year article sample with audio metadata,RSS/page collector after terms review,2026-08-05
bamf_willkommen,1,BAMF – Willkommen in Deutschland,https://www.bamf.de/SharedDocs/Anlagen/DE/Integration/WillkommenDeutschland/willkommen-in-deutschland.html,Federal Office for Migration and Refugees (BAMF),official practical/integration corpus,orientation handbook,housing; work; school; health; money; government; rights; daily life,accessible official practical,A2–B2,Germany Standard German,written,"HTML/PDF, often multilingual and accessible versions",One substantial handbook plus related modules,bulk_manual,Official PDF downloads,Official publication; check imprint/reuse terms and retain edition,"Real-world civic vocabulary, procedures, modal verbs, explanations, addresses to reader",Single-document topic structure; some migration-specific context,Download current German PDF and accessible/simple variants; sentence-split with section metadata,manual direct PDF,2026-08-05
bamf_leben_in_deutschland,2,BAMF – Leben in Deutschland question catalog,https://www.bamf.de/SharedDocs/Anlagen/DE/Integration/Einbuergerung/gesamtfragenkatalog-lebenindeutschland.html,BAMF,official civic/assessment corpus,citizenship and integration questions,constitution; history; politics; rights; federal states; society,accessible official question style,A2–B2,Germany Standard German,written,PDF question catalogs,300 nationwide questions plus 160 state-specific questions,bulk_manual,Official PDF download,Official publication; retain version/date,"Question structures, civic vocabulary, answer options and factual formulations",Multiple-choice format and limited sentence diversity,Acquire full catalog but down-weight repeated templates,manual direct PDF,2026-08-05
berufenet,1,BERUFENET,https://web.arbeitsagentur.de/berufenet/,Federal Employment Agency,official occupational corpus,occupation profiles and task descriptions,careers; skills; training; tools; work conditions; industries,neutral formal practical,B1–C1,Germany Standard German,written,web database with structured occupation pages,Very large: hundreds of detailed occupation profiles and related fields,web_reference,Public web database; no simple full dump identified,Respect site terms/robots; store links/metadata or manually exported pages unless permission exists,"Occupation-specific verbs/nouns, task descriptions, qualifications, safety and work settings",Potential anti-scraping/terms constraints; many noun phrases and lists,Start with 100–200 representative occupations across sectors; manual/export or permitted API only,manual inventory/export,2026-08-05
bundesportal,1,Federal Administration Portal – Verwaltungsportal Bund,https://verwaltung.bund.de/portal/DE/,Federal Ministry of the Interior and public administrations,official administrative corpus,service descriptions and procedures,registration; permits; taxes; documents; family; vehicles; business; benefits,formal practical administrative,B1–C1,Germany Standard German,written,structured web pages,Thousands of service descriptions across federal/state/local administration,web_reference,"Public pages; structured navigation, no universal dump assumed",Respect portal terms/robots and preserve jurisdiction/date,"Forms, prerequisites, deadlines, documents, fees, conditional and procedural language",Template repetition; jurisdiction-specific variants; scraping constraints,"Sample 300–500 services across life situations and regions, deduplicating template text",manual/permitted crawler,2026-08-05
verbraucherzentrale,1,Verbraucherzentrale information and Musterbriefe,https://www.verbraucherzentrale.de/musterbriefe,German consumer centres,consumer/practical corpus,"advice articles, complaints and model letters",contracts; purchases; banking; telecoms; energy; travel; refunds; scams,neutral advice plus formal correspondence,B1–C1,Germany Standard German,written,"HTML, downloadable model-letter files/PDFs",Large advice site plus many reusable letter templates,downloadable_manual,Model letters and articles available individually,"Terms vary; model letters intended for consumer use, but preserve source and do not republish wholesale without checking","Complaints, requests, deadlines, cancellation, negotiation, customer-service and legal-practical collocations",Template formulaicity and legal topic skew,Acquire all clearly downloadable model letters and a balanced sample of advice articles,manual direct downloads,2026-08-05
gesund_bund,1,gesund.bund.de – Diseases A–Z and health information,https://gesund.bund.de/krankheiten,Federal Ministry of Health service,official patient-information corpus,disease and health explanations,symptoms; causes; diagnosis; treatment; prevention; care,clear neutral medical/consumer,B1–C1,Germany Standard German,written,structured HTML; some media,Large A–Z collection with many detailed pages,web_reference,Public pages; no complete bulk dump identified,Respect site terms/robots; preserve medical review/update metadata,"Patient-facing medical collocations, explanations, uncertainty, advice and care pathways",Topic concentration; lengthy page boilerplate,Acquire 100–200 diverse condition pages only through permitted means; keep section labels,manual/permitted crawler,2026-08-05
rki_ratgeber,2,RKI-Ratgeber,https://www.rki.de/ratgeber,Robert Koch Institute,public-health expert corpus,professional infectious-disease guidance,epidemiology; transmission; diagnosis; prevention; reporting; hygiene,formal technical medical/public health,C1,Germany Standard German,written,HTML and linked PDFs,"Dozens of detailed disease guides, updated individually",downloadable_manual,Web/PDF pages,Official guidance; retain update date and citation,"Technical causation, risk, surveillance, recommendation and passive constructions",Specialized and institutionally formulaic,Acquire all current Ratgeber documents but cap total influence; retain section/date metadata,manual link collector,2026-08-05
uba_publications,2,Umweltbundesamt publications,https://www.umweltbundesamt.de/publikationen,German Environment Agency,scientific/official corpus,"reports, guidance and studies",climate; air; water; chemicals; waste; transport; health; agriculture; procurement,formal technical and public-facing,B2–C1,Germany Standard German,written,HTML metadata + downloadable PDFs,Thousands of publications over many years,downloadable_manual,PDFs from publication pages,Per-document reuse/licence may vary; retain report metadata and only redistribute when allowed,"Environmental/scientific vocabulary, measurements, uncertainty, methods, policy recommendations","PDF extraction issues, very long documents, bureaucratic style",Acquire 30–60 recent reports spanning topics and audience levels; extract executive summaries and prose sections,manual PDF downloader,2026-08-05
destatis_press,1,Destatis press releases,https://www.destatis.de/DE/Presse/_inhalt.html,Federal Statistical Office,official statistical/news corpus,press releases and statistical explanations,population; prices; labor; trade; education; health; economy; environment,formal concise explanatory,B2–C1,Germany Standard German,written,HTML; tables and linked files,Continuous archive with hundreds of releases per year,web_reference,Public release pages; email service; no bulk text dump assumed,Official content; preserve release number/date and source citation,"Numbers, comparisons, trends, percentages, methodological hedges and reported findings",Repetitive release formulas and numeric density,Acquire 300–500 releases across 3–5 years and all major topic departments,RSS/page collector after terms review,2026-08-05
ssoar,2,SSOAR – Social Science Open Access Repository,https://www.gesis.org/ssoar,GESIS – Leibniz Institute for the Social Sciences,academic repository,"papers, reports and working papers",sociology; politics; media; migration; inequality; methods; culture,academic formal,C1,Germany and broader DACH Standard German,written,PDF full texts + OAI-PMH metadata,Large and continuously growing full-text repository,downloadable_mixed,Freely accessible full texts; metadata harvestable via OAI-PMH,Metadata CC0; each full text has its own licence/terms on cover page,"Academic argument, methods, evidence, hedging, comparison and conclusions","Many English texts, long PDFs, varied licences and OCR quality","Harvest metadata first; select 100–300 German, recent, openly licensed documents across subfields",OAI metadata + licence-aware PDF fetch,2026-08-05
pedocs,2,peDOCS,https://www.pedocs.de/,DIPF | Leibniz Institute for Research and Information in Education,academic repository,education research full texts,schools; teaching; learning; higher education; policy; childhood; vocational education,academic formal,C1,Germany/DACH Standard German,written,PDF full texts + repository metadata/OAI,Large education-science open-access collection,downloadable_mixed,Freely accessible full texts; repository metadata,Licence varies by item; retain cover metadata and rights,"Education/research terminology, literature review, argumentation and findings","Long PDFs, older publications, mixed licences",Select 100–200 recent German OA papers/reports across education topics,"metadata-first, licence-aware downloads",2026-08-05
gms,2,German Medical Science,https://www.egms.de/,German Association of the Scientific Medical Societies and partners,academic medical repository,"peer-reviewed articles, guidelines and conference material",medicine; healthcare; public health; clinical research,academic/technical medical,C1,Germany Standard German; some English,written,"HTML, PDF and often XML",Large multi-journal open-access platform,downloadable_mixed,Article-level HTML/PDF/XML where offered,Open-access terms vary by journal/article; preserve licence and citation,"Research abstracts, methods, outcomes, medical argument and formal terminology",Many English articles and highly specialized text,Select German-language HTML/XML first; 50–150 documents across specialties,manual/API-like article downloads,2026-08-05
dwds_dereko_reference,3,DWDS and DeReKo/COSMAS II reference corpora,https://www.dwds.de/,Berlin-Brandenburg Academy / IDS Mannheim,query/reference corpus,large balanced and monitor corpora,general language across genres and periods,all registers depending subcorpus,A1–C1,Germany/DACH varieties by corpus,written and spoken query results,web corpus interfaces; some CLARIN downloads,Billions of tokens queryable across DWDS/DeReKo collections,query_only,Concordance/query access; most DeReKo text is not bulk downloadable,Access and citation terms apply; do not scrape query services,"Best source for validating collocations, case government, frequency, sense/register and diachrony",Not a convenient repo corpus; copyright prevents bulk export,"Use programmatically/manual queries during sentence review, not bulk ingestion",reference only,2026-08-05
swiss_text_corpus,3,Swiss Text Corpus,https://www.chtk.ch/index.php/en/corpus-overview,University of Basel / Swiss corpus partners,regional reference corpus,balanced Swiss Standard German text,news; literature; nonfiction; practical and institutional texts,mixed written registers,B1–C1,CH Standard German,written,corpus query/download access varies,About 23.5 million words,query_or_request,Corpus interface and project access; bulk availability depends on current terms,Follow corpus licence/access terms,"Swiss lexical, orthographic and institutional variants in balanced genres",Regional and often query-only; possible older material,Use as CH validation and acquire only permitted exports/samples,reference/query,2026-08-05
austrian_media_corpus,3,Austrian Media Corpus,https://www.oeaw.ac.at/acdh/research/language-resources/austrian-media-corpus,Austrian Academy of Sciences / Austrian Press Agency,regional reference corpus,Austrian journalistic prose,politics; society; economy; culture; sports,edited journalistic,B1–C1,AT Standard German,written,corpus interface/research access,Very large media corpus spanning the Austrian media landscape,query_or_request,Research/query access; bulk rights constrained by source copyright,Follow ACDH/APA access conditions,"Austrian vocabulary, institutions, spelling and journalistic usage",Copyright/access limits; genre concentrated in news,"Use for AT validation and targeted concordance samples, not repo bulk",reference/query,2026-08-05
c4_dach,3,"C4 – Corpus of Contemporary German in Germany, Austria, Switzerland and South Tyrol",https://www.dwds.de/d/korpora/c4,DWDS / partner institutions,regional comparative reference corpus,contemporary DACH mixed corpus,general language by country/region,mixed written,B1–C1,DE/AT/CH/South Tyrol labeled,written,DWDS corpus query,Large federated contemporary corpus,query_only,Queryable through DWDS; component download rights vary,Follow DWDS/component terms,Direct comparison of regional lexical and grammatical preferences,Not bulk downloadable as a unified open corpus,Use for regional validation and sense/register checks,reference only,2026-08-05
tagesschau_rss,2,tagesschau.de RSS and article archive,https://www.tagesschau.de/infoservices/alle-meldungen-100.html,ARD-aktuell,public-broadcast news corpus,"news articles, interviews and reports",Germany; world; economy; science; culture; regional news,edited broadcast/web journalistic,B2–C1,Germany Standard German,written + some video/audio transcripts,"HTML, RSS and media pages",Large current archive and many topical feeds,web_reference,RSS available; articles publicly readable,Terms specify private/non-commercial constraints for feeds; do not mirror/redistribute indiscriminately,"Current native journalism, quotations, interviews, analysis and regional reporting",Copyright restrictions and heavy current-news/named-entity skew,Use RSS to build a metadata/link queue; manually retain small internal excerpts only where lawful,RSS metadata only by default,2026-08-05
dlf_podcasts,3,Deutschlandfunk podcast/audio archive,https://www.deutschlandfunk.de/podcasts,Deutschlandradio,spoken journalism/culture reference,"interviews, reports, discussions and features",politics; science; culture; society; history; media,neutral/formal spontaneous and scripted spoken,B2–C1,Germany broadcast Standard German,audio; transcripts vary,MP3/podcast feeds; selected manuscripts,Very large audio archive,audio_reference,Audio downloads widely available; transcript availability inconsistent,Deutschlandradio terms; do not assume transcript reuse,"Spontaneous interview syntax, turn-taking, hedging, disagreement, pronunciation",Many items lack transcripts; transcription would be machine-generated unless manually checked,Use only episodes with official manuscripts/transcripts or for audio validation,manual transcript-only selection,2026-08-05
